sample,condition,study,median_expr,iqr_expr,var_expr,min_expr,max_expr,pct_zero,median_z,flag_outlier
TCGA-IA-A83V-01,KIRP,TCGA,11.21,5.843,22.736871867972,0,17.27,3.03030303030303,1.46934392606941,FALSE
TCGA-IA-A83T-01,KIRP,TCGA,10.685,6.559,26.3245321517483,0,17.12,12.1212121212121,0.0327601899609928,FALSE
TCGA-UZ-A9PQ-01,KIRP,TCGA,10.73,8.31275,26.6909492414662,0,16.88,9.09090909090909,0.155895938770286,FALSE
TCGA-IA-A83S-01,KIRP,TCGA,11.195,6.86625,25.9069547076923,0,17.43,7.57575757575758,1.42829867646631,FALSE
TCGA-AL-3468-01,KIRP,TCGA,10.66,8.42175,26.1522925427692,0,16.93,13.6363636363636,-0.0356485593775042,FALSE
TCGA-IA-A83W-01,KIRP,TCGA,10.39,7.07825,24.1724020018648,0,17.78,7.57575757575758,-0.77446305223326,FALSE
TCGA-2Z-A9J3-01,KIRP,TCGA,10.315,8.77475,27.8969469804872,0,17.25,12.1212121212121,-0.979689300248746,FALSE
TCGA-DZ-6133-01,KIRP,TCGA,11.12,8.21875,26.6986832309277,0,16.83,7.57575757575758,1.22307242845083,FALSE
TCGA-B9-4113-01,KIRP,TCGA,10.565,6.9915,23.0022747752564,0,16.33,10.6060606060606,-0.295601806863786,FALSE
TCGA-5P-A9JY-01,KIRP,TCGA,10.92,6.92375,26.6951953075175,0,17.33,12.1212121212121,0.675802433742854,FALSE
TCGA-AL-3471-01,KIRP,TCGA,10.48,7.5165,22.815441055711,0,16.83,12.1212121212121,-0.528191554614675,FALSE
TCGA-AL-A5DJ-01,KIRP,TCGA,9.821,8.66325,28.2225170228438,0,17.92,13.6363636363636,-2.33144618717743,FALSE
TCGA-BQ-7045-01,KIRP,TCGA,10.495,8.16425,28.7651759655012,0,17.27,13.6363636363636,-0.487146305011576,FALSE
TCGA-BQ-7049-01,KIRP,TCGA,10.29,8.59325,27.8803172301259,0,17.16,13.6363636363636,-1.04809804958725,FALSE
TCGA-BQ-5880-01,KIRP,TCGA,11.21,7.54625,25.6749903990676,0,17.9,10.6060606060606,1.46934392606941,FALSE
TCGA-P4-A5E8-01,KIRP,TCGA,10.425,8.98075,28.7055320074592,0,17.71,12.1212121212121,-0.678690803159365,FALSE
TCGA-UZ-A9PN-01,KIRP,TCGA,10.835,6.04025,22.4391159403263,0,16.99,9.09090909090909,0.44321268599197,FALSE
TCGA-A4-7585-01,KIRP,TCGA,11.525,6.584,26.4839250120396,0,17.2,7.57575757575758,2.33129416773445,FALSE
TCGA-UZ-A9PU-01,KIRP,TCGA,10.775,7.0305,25.0963272266573,0,16.53,9.09090909090909,0.279031687579573,FALSE
TCGA-UZ-A9PJ-01,KIRP,TCGA,10.705,9.3165,28.3059453439907,0,16.58,13.6363636363636,0.0874871894317885,FALSE
TCGA-BQ-5879-01,KIRP,TCGA,10.685,7.9925,28.3574614890909,0,17.67,7.57575757575758,0.032760189960988,FALSE
TCGA-BQ-5882-01,KIRP,TCGA,11.06,8.32525,28.758790220979,0,17.9,13.6363636363636,1.05889143003843,FALSE
TCGA-G7-7501-01,KIRP,TCGA,11.225,6.377,26.5065598081585,0,17.57,9.09090909090909,1.5103891756725,FALSE
TCGA-A4-7287-01,KIRP,TCGA,10.69,7.68625,25.1185707501166,0,17.67,7.57575757575758,0.0464419398286893,FALSE
TCGA-5P-A9K9-01,KIRP,TCGA,10.57,8.51775,26.06746465162,0,17.41,12.1212121212121,-0.28192005699609,FALSE
TCGA-G7-A8LD-01,KIRP,TCGA,10.25,9.761,26.7756757590699,0,17.33,10.6060606060606,-1.15755204852884,FALSE
TCGA-SX-A7SP-01,KIRP,TCGA,11.22,6.8775,25.8754254463124,0,17.04,7.57575757575758,1.4967074258048,FALSE
TCGA-2Z-A9JS-01,KIRP,TCGA,10.705,7.113,26.0918657636084,0,16.69,9.09090909090909,0.0874871894317885,FALSE
TCGA-P4-AAVL-01,KIRP,TCGA,9.9515,8.045,27.9041021948718,0,17.93,15.1515151515152,-1.97435251563048,FALSE
TCGA-5P-A9K3-01,KIRP,TCGA,10.515,6.639,27.5039088748368,0,18.17,15.1515151515152,-0.43241930554078,FALSE
TCGA-A4-A5Y1-01,KIRP,TCGA,10.485,6.511,22.7026489018648,0,16.96,4.54545454545455,-0.514509804746978,FALSE
TCGA-SX-A7SM-01,KIRP,TCGA,11.405,6.987,29.3125636748252,0,17.76,15.1515151515152,2.00293217090968,FALSE
TCGA-BQ-7058-01,KIRP,TCGA,10.99,7.94925,27.5548354770746,0,17.82,7.57575757575758,0.867346931890639,FALSE
TCGA-G7-6793-01,KIRP,TCGA,10.615,9.41,29.7439029378368,0,17.73,9.09090909090909,-0.158784308186802,FALSE
TCGA-BQ-5889-01,KIRP,TCGA,10.48,6.845,21.6104083722727,0,16.98,7.57575757575758,-0.528191554614675,FALSE
TCGA-F9-A4JJ-01,KIRP,TCGA,10.445,9.90875,29.6354297720746,0,17.45,13.6363636363636,-0.62396380368857,FALSE
TCGA-J7-8537-01,KIRP,TCGA,11.08,6.97425,26.1733494238508,0,17.49,12.1212121212121,1.11361842950923,FALSE
TCGA-AL-3466-01,KIRP,TCGA,10.455,7.2095,22.3319135972028,0,17.58,12.1212121212121,-0.596600303953172,FALSE
TCGA-BQ-5877-01,KIRP,TCGA,10.39,7.61775,26.2413115329627,0,17.68,7.57575757575758,-0.77446305223326,FALSE
TCGA-A4-A57E-01,KIRP,TCGA,10.785,6.27825,28.248960105979,0,18.52,12.1212121212121,0.306395187314976,FALSE
TCGA-BQ-5893-01,KIRP,TCGA,10.905,8.61,28.6588549482727,0,18.13,7.57575757575758,0.634757184139755,FALSE
TCGA-P4-A5EA-01,KIRP,TCGA,10.3,7.407,24.2927119280187,0,17.21,12.1212121212121,-1.02073454985185,FALSE
TCGA-2Z-A9J7-01,KIRP,TCGA,10.775,8.20825,27.262319232972,0,17.63,12.1212121212121,0.279031687579578,FALSE
TCGA-G7-6789-01,KIRP,TCGA,9.9635,7.9725,29.491775158042,0,18.5,13.6363636363636,-1.941516315948,FALSE
TCGA-GL-6846-01,KIRP,TCGA,10.3,6.99875,26.0384757705012,0,16.65,15.1515151515152,-1.02073454985185,FALSE
TCGA-DW-7834-01,KIRP,TCGA,10.3,7.265,25.1779747193124,0,16.47,13.6363636363636,-1.02073454985185,FALSE
TCGA-UZ-A9PM-01,KIRP,TCGA,11.1,6.91125,28.4727705006643,0,17.42,13.6363636363636,1.16834542898002,FALSE
TCGA-BQ-7044-01,KIRP,TCGA,10.745,8.22125,29.2819949570909,0,17.96,13.6363636363636,0.196941188373385,FALSE
TCGA-UZ-A9PK-01,KIRP,TCGA,10.57,6.8385,26.0639721939138,0,16.44,10.6060606060606,-0.28192005699609,FALSE
TCGA-UZ-A9Q0-01,KIRP,TCGA,10.81,6.872,26.6239846706294,0,16.84,16.6666666666667,0.374803936653468,FALSE
TCGA-5P-A9JW-01,KIRP,TCGA,10.845,7.53475,27.5886995951166,0,17.43,13.6363636363636,0.470576185727363,FALSE
TCGA-UZ-A9PL-01,KIRP,TCGA,10.42,7.325,25.040340325641,0,17.57,10.6060606060606,-0.692372553027067,FALSE
TCGA-2Z-A9J5-01,KIRP,TCGA,10.68,8.27275,29.110174132634,0,17.87,15.1515151515152,0.0190784400932915,FALSE
TCGA-P4-A5E6-01,KIRP,TCGA,10.355,6.431,25.2680842289231,0,17.55,13.6363636363636,-0.870235301307155,FALSE
TCGA-P4-A5EB-01,KIRP,TCGA,10.765,7.577,28.962851643683,0,17.45,12.1212121212121,0.25166818784418,FALSE
TCGA-UZ-A9PP-01,KIRP,TCGA,10.55,6.38725,24.5347420575874,0,17.36,9.09090909090909,-0.336647056466885,FALSE
TCGA-BQ-7046-01,KIRP,TCGA,11.205,7.082,26.7106332835431,0,16.98,12.1212121212121,1.45566217620171,FALSE
TCGA-BQ-7048-01,KIRP,TCGA,11.085,6.33925,26.971914672634,0,17.57,9.09090909090909,1.12730017937693,FALSE
TCGA-P4-A5ED-01,KIRP,TCGA,9.7215,8.1265,24.3319480914033,0,16.64,15.1515151515152,-2.60371300954464,FALSE
TCGA-2Z-A9J8-01,KIRP,TCGA,10.875,7.5495,25.509382983972,0,17.46,4.54545454545455,0.552666684933561,FALSE
TCGA-G7-6792-01,KIRP,TCGA,10.1,8.63325,29.3758982668182,0,17.24,16.6666666666667,-1.56800454455981,FALSE
TCGA-5P-A9JZ-01,KIRP,TCGA,11.28,7.151,27.4079353941725,0,16.97,10.6060606060606,1.6608884242172,FALSE
TCGA-P4-A5E7-01,KIRP,TCGA,10.0275,9.2755,29.1628577050256,0,16.78,12.1212121212121,-1.76638991764145,FALSE
TCGA-BQ-5875-01,KIRP,TCGA,11.185,8.71475,29.7551021355431,0,17.4,10.6060606060606,1.40093517673091,FALSE
TCGA-UZ-A9PR-01,KIRP,TCGA,10.52,7.00675,24.0110325349371,0,16.01,9.09090909090909,-0.418737555673083,FALSE
TCGA-HE-A5NF-01,KIRP,TCGA,11.03,7.535,28.5420802144522,0,16.96,15.1515151515152,0.97680093083224,FALSE
TCGA-HE-7129-01,KIRP,TCGA,10.675,8.88075,28.2081823139231,0,17.22,9.09090909090909,0.00539669022559501,FALSE
TCGA-DZ-6132-01,KIRP,TCGA,10.395,8.74325,26.2242756695315,0,16.63,9.09090909090909,-0.760781302365564,FALSE
TCGA-G7-A8LE-01,KIRP,TCGA,10.27,7.64025,23.1952703370816,0,15.83,7.57575757575758,-1.10282504905804,FALSE
TCGA-DZ-6131-01,KIRP,TCGA,11.08,7.792,25.224641369697,0,16.8,7.57575757575758,1.11361842950923,FALSE
TCGA-P4-AAVO-01,KIRP,TCGA,10.695,9.37425,30.7851212997669,0,17.58,15.1515151515152,0.0601236896963907,FALSE
TCGA-5P-A9K2-01,KIRP,TCGA,10.34,7.1905,26.8156887685315,0,17.26,16.6666666666667,-0.911280550910254,FALSE
TCGA-2Z-A9J1-01,KIRP,TCGA,11.155,7.23625,28.145849658042,0,17.42,12.1212121212121,1.31884467752472,FALSE
TCGA-2Z-A9J9-01,KIRP,TCGA,10.72,8.771,27.3221703888112,0,16.93,9.09090909090909,0.128532439034883,FALSE
TCGA-DZ-6135-01,KIRP,TCGA,10.86,6.5555,23.8342280495291,0,16.6,7.57575757575758,0.511621435330462,FALSE
TCGA-HE-A5NK-01,KIRP,TCGA,10.16,10.6,30.0774295312354,0,17.06,18.1818181818182,-1.40382354614742,FALSE
TCGA-5P-A9K4-01,KIRP,TCGA,10.915,6.5045,27.4530149671329,0,17.79,12.1212121212121,0.662120683875153,FALSE
TCGA-G7-6796-01,KIRP,TCGA,10.295,6.984,25.5036032578089,0,16.54,15.1515151515152,-1.03441629971955,FALSE
TCGA-UZ-A9PS-01,KIRP,TCGA,10.73,8.40775,29.0002995908182,0,17.46,9.09090909090909,0.155895938770286,FALSE
TCGA-AL-3467-01,KIRP,TCGA,9.802,9.11525,26.3829669330187,0,15.83,10.6060606060606,-2.38343683667469,FALSE
TCGA-AL-7173-01,KIRP,TCGA,10.39,7.69,25.4767706572494,0,18.45,7.57575757575758,-0.77446305223326,FALSE
TCGA-5P-A9KH-01,KIRP,TCGA,10.46,7.37725,23.413840791683,0,16.6,6.06060606060606,-0.58291855408547,FALSE
TCGA-5P-A9JV-01,KIRP,TCGA,11.19,6.794,24.4694134977739,0,17.16,6.06060606060606,1.41461692659861,FALSE
TCGA-AL-3472-01,KIRP,TCGA,10.0995,7.52125,24.0921581840559,0,16.43,13.6363636363636,-1.56937271954658,FALSE
TCGA-UZ-A9PX-01,KIRP,TCGA,10.62,7.388,23.5536964272284,0,16.71,4.54545454545455,-0.145102558319095,FALSE
TCGA-BQ-5878-01,KIRP,TCGA,10.795,7.566,27.2886698116201,0,17.48,6.06060606060606,0.333758687050374,FALSE
TCGA-5P-A9K6-01,KIRP,TCGA,10.955,6.572,24.6808697249417,0,16.83,10.6060606060606,0.771574682816749,FALSE
TCGA-UZ-A9PO-01,KIRP,TCGA,11.48,7.86325,29.3269741794592,0,17.33,13.6363636363636,2.20815841892517,FALSE
TCGA-AL-3473-01,KIRP,TCGA,11.14,8.03675,27.5122881674242,0,17.55,9.09090909090909,1.27779942792162,FALSE
TCGA-BQ-7050-01,KIRP,TCGA,11.125,7.33775,27.5856364228252,0,16.94,12.1212121212121,1.23675417831852,FALSE
TCGA-A4-7288-01,KIRP,TCGA,10.575,6.9665,26.3091587640559,0,16.43,12.1212121212121,-0.268238307128393,FALSE
TCGA-DZ-6134-01,KIRP,TCGA,11.185,7.04875,26.1042483605874,0,17.5,7.57575757575758,1.40093517673091,FALSE
TCGA-2Z-A9J2-01,KIRP,TCGA,10.66,7.40825,27.8554054920746,0,17.87,15.1515151515152,-0.0356485593775042,FALSE
TCGA-HE-7130-01,KIRP,TCGA,10.375,9.24875,27.9721678824522,0,17.1,9.09090909090909,-0.815508301836359,FALSE
TCGA-2Z-A9J6-01,KIRP,TCGA,10.83,8.25875,27.6166229335571,0,17.36,10.6060606060606,0.429530936124269,FALSE
TCGA-2Z-A9JE-01,KIRP,TCGA,10.34,8.72425,28.3845106375291,0,17.69,13.6363636363636,-0.911280550910254,FALSE
TCGA-HE-A5NJ-01,KIRP,TCGA,9.732,7.77575,25.6666925382284,0,16.91,15.1515151515152,-2.57498133482248,FALSE
TCGA-2Z-A9JG-01,KIRP,TCGA,10.785,8.23725,28.3786160608508,0,17.93,10.6060606060606,0.306395187314976,FALSE
TCGA-SX-A7SS-01,KIRP,TCGA,10.67,7.2005,24.7186609864802,0,17.28,12.1212121212121,-0.00828505964210634,FALSE
TCGA-P4-AAVK-01,KIRP,TCGA,11.265,7.1435,29.9711798529138,0,17.74,12.1212121212121,1.6198431746141,FALSE
TCGA-G7-6790-01,KIRP,TCGA,11.25,7.014,27.881417083711,0,16.84,9.09090909090909,1.578797925011,FALSE
TCGA-2Z-A9JI-01,KIRP,TCGA,10.665,6.8465,25.6573945606061,0,17.08,15.1515151515152,-0.0219668095098077,FALSE
TCGA-UZ-A9Q1-01,KIRP,TCGA,10.81,9.61425,32.0868734819208,0,17.73,15.1515151515152,0.374803936653473,FALSE
TCGA-P4-AAVM-01,KIRP,TCGA,11.165,8.93625,29.9211827172494,0,17.03,15.1515151515152,1.34620817726011,FALSE
TCGA-BQ-7051-01,KIRP,TCGA,11.04,9.67625,28.2586118609417,0,17.06,7.57575757575758,1.00416443056763,FALSE
TCGA-BQ-7053-01,KIRP,TCGA,10.78,6.536,24.7738877219977,0,17.18,6.06060606060606,0.292713437447279,FALSE
TCGA-SX-A71S-01,KIRP,TCGA,9.948,7.82175,23.3844061433566,0,15.45,9.09090909090909,-1.98392974053787,FALSE
TCGA-DW-5560-01,KIRP,TCGA,10.32,6.905,22.7681738762238,0,16.82,9.09090909090909,-0.96600755038105,FALSE
TCGA-SX-A71R-01,KIRP,TCGA,10.615,6.67825,24.5884007741259,0,16.88,12.1212121212121,-0.158784308186802,FALSE
TCGA-BQ-5881-01,KIRP,TCGA,10.88,5.32625,26.0801554594406,0,17.63,10.6060606060606,0.566348434801258,FALSE
TCGA-UZ-A9PV-01,KIRP,TCGA,10.7,8.044,28.2552542701935,0,17.4,9.09090909090909,0.0738054395640871,FALSE
TCGA-SX-A71U-01,KIRP,TCGA,10.675,6.88775,25.7439921992098,0,17.67,7.57575757575758,0.00539669022559501,FALSE
TCGA-B9-5156-01,KIRP,TCGA,10.805,6.79425,26.9709397839161,0,17.51,10.6060606060606,0.361122186785772,FALSE
TCGA-SX-A7SU-01,KIRP,TCGA,10.041,7.97275,24.0455243731935,0,16.09,15.1515151515152,-1.72944919299867,FALSE
TCGA-5P-A9K8-01,KIRP,TCGA,10.275,9.3505,29.8557883012308,0,16.75,10.6060606060606,-1.08914329919035,FALSE
TCGA-SX-A7SQ-01,KIRP,TCGA,10.395,7.35175,26.0099584637483,0,17.63,6.06060606060606,-0.760781302365564,FALSE
TCGA-SX-A7SO-01,KIRP,TCGA,11.28,7.45425,27.4890944677879,0,17.06,9.09090909090909,1.6608884242172,FALSE
TCGA-B1-5398-01,KIRP,TCGA,11.1,7.97525,28.6152094256131,0,17.37,12.1212121212121,1.16834542898002,FALSE
TCGA-BQ-5883-01,KIRP,TCGA,10.78,7.9275,24.7036404503497,0,16.18,3.03030303030303,0.292713437447279,FALSE
TCGA-DW-7963-01,KIRP,TCGA,11.03,5.97,25.1805884689977,0,16.75,15.1515151515152,0.97680093083224,FALSE
TCGA-2Z-A9JJ-01,KIRP,TCGA,10.74,7.976,28.210167844056,0,18.01,9.09090909090909,0.183259438505683,FALSE
TCGA-G7-6795-01,KIRP,TCGA,10.225,7.586,26.4410342867413,0,17.02,15.1515151515152,-1.22596079786734,FALSE
TCGA-WN-AB4C-01,KIRP,TCGA,10.93,7.29875,26.1610269634033,0,17.1,13.6363636363636,0.703165933478252,FALSE
TCGA-2Z-A9JK-01,KIRP,TCGA,10.96,7.06075,26.7991977867319,0,17.7,9.09090909090909,0.78525643268445,FALSE
TCGA-DW-7837-01,KIRP,TCGA,10.76,7.5255,26.1757022153566,0,16.78,12.1212121212121,0.237986437976479,FALSE
TCGA-B1-7332-01,KIRP,TCGA,10.67,7.62,26.9523523754033,0,16.95,9.09090909090909,-0.00828505964210634,FALSE
TCGA-B1-A47N-01,KIRP,TCGA,10.15,6.6365,21.9262158741259,0,16.53,12.1212121212121,-1.43118704588283,FALSE
TCGA-DW-7836-01,KIRP,TCGA,10.115,7.1575,25.2060604088858,0,16.61,10.6060606060606,-1.52695929495672,FALSE
TCGA-SX-A71W-01,KIRP,TCGA,10.53,8.9025,28.0519420503497,0,17.86,10.6060606060606,-0.391374055937681,FALSE
TCGA-2Z-A9JD-01,KIRP,TCGA,10.915,7.59725,28.4007566249417,0,16.62,18.1818181818182,0.662120683875153,FALSE
TCGA-B3-4104-01,KIRP,TCGA,10.155,6.575,22.2212365074592,0,16.53,9.09090909090909,-1.41750529601513,FALSE
TCGA-MH-A55W-01,KIRP,TCGA,10.41,8.53,28.1157244095571,0,16.66,16.6666666666667,-0.719736052762464,FALSE
TCGA-EV-5901-01,KIRP,TCGA,10.215,8.1975,24.708374480655,0,15.84,7.57575757575758,-1.25332429760273,FALSE
TCGA-B3-3925-01,KIRP,TCGA,10.47,6.69975,23.8706004335315,0,16.46,9.09090909090909,-0.555555054350077,FALSE
TCGA-2Z-A9JL-01,KIRP,TCGA,10.69,7.35125,24.7386955890816,0,16.98,7.57575757575758,0.0464419398286942,FALSE
TCGA-V9-A7HT-01,KIRP,TCGA,10.925,7.807,25.9049410331585,0,17.4,10.6060606060606,0.689484183610555,FALSE
TCGA-2Z-A9JO-01,KIRP,TCGA,11.605,7.48275,27.7447190620047,0,17.24,12.1212121212121,2.55020216561765,FALSE
TCGA-MH-A856-01,KIRP,TCGA,10.15,8.7215,26.5446278536131,0,17.84,10.6060606060606,-1.43118704588282,FALSE
TCGA-2Z-A9JM-01,KIRP,TCGA,10.7,7.22925,25.6813770037949,0,17.12,12.1212121212121,0.0738054395640871,FALSE
TCGA-B3-4103-01,KIRP,TCGA,10.595,6.68075,22.8866879487739,0,16.08,7.57575757575758,-0.213511307657597,FALSE
TCGA-A4-7997-01,KIRP,TCGA,11.105,7.00075,26.6387347483636,0,17.56,7.57575757575758,1.18202717884773,FALSE
TCGA-MH-A560-01,KIRP,TCGA,10.615,9.02275,31.5378774920746,0,17.81,19.6969696969697,-0.158784308186797,FALSE
TCGA-BQ-5885-01,KIRP,TCGA,10.46,6.00525,22.302664251049,0,17.95,4.54545454545455,-0.58291855408547,FALSE
TCGA-A4-8098-01,KIRP,TCGA,10.815,8.307,26.7969089012238,0,18.16,7.57575757575758,0.388485686521174,FALSE
TCGA-2Z-A9JP-01,KIRP,TCGA,11.095,7.12125,26.618030887042,0,17.39,10.6060606060606,1.15466367911232,FALSE
TCGA-MH-A857-01,KIRP,TCGA,10.0785,8.54875,25.7082571998881,0,15.96,9.09090909090909,-1.62683606899092,FALSE
TCGA-KV-A6GE-01,KIRP,TCGA,10.71,6.9845,25.6652813862494,0,17.13,12.1212121212121,0.10116893929949,FALSE
TCGA-B3-3926-01,KIRP,TCGA,10.56,9.199,28.4212697932984,0,16.06,13.6363636363636,-0.309283556731492,FALSE
TCGA-SX-A71V-01,KIRP,TCGA,10.91,7.34175,26.5234972382867,0,17.2,9.09090909090909,0.648438934007456,FALSE
TCGA-B9-4114-01,KIRP,TCGA,10.49,7.89625,26.55054487669,0,17.49,13.6363636363636,-0.500828054879277,FALSE
TCGA-MH-A55Z-01,KIRP,TCGA,10.22,8.40025,28.4119218864802,0,17.22,21.2121212121212,-1.23964254773503,FALSE
TCGA-5P-A9KF-01,KIRP,TCGA,10.72,7.23775,24.1631244227879,0,16.96,6.06060606060606,0.128532439034883,FALSE
TCGA-B1-A47O-01,KIRP,TCGA,10.775,7.62675,26.9087967748252,0,18.63,10.6060606060606,0.279031687579573,FALSE
TCGA-MH-A561-01,KIRP,TCGA,10.28,8.12175,27.6406201980699,0,16.65,13.6363636363636,-1.07546154932264,FALSE
TCGA-GL-8500-01,KIRP,TCGA,10.405,9.0275,28.5301636239627,0,17.16,12.1212121212121,-0.733417802630166,FALSE
TCGA-5P-A9KE-01,KIRP,TCGA,11.185,8.09225,28.7788199461538,0,17.46,13.6363636363636,1.40093517673091,FALSE
TCGA-SX-A7SL-01,KIRP,TCGA,10.215,8.428,30.2958801613054,0,17.51,15.1515151515152,-1.25332429760273,FALSE
TCGA-SX-A7SR-01,KIRP,TCGA,10.525,7.68225,26.8199499702214,0,16.7,10.6060606060606,-0.405055805805382,FALSE
TCGA-B9-4115-01,KIRP,TCGA,10.705,6.82825,25.8442841655012,0,17.07,10.6060606060606,0.0874871894317885,FALSE
TCGA-BQ-7055-01,KIRP,TCGA,10.1375,8.3455,25.5351410009907,0,16.09,10.6060606060606,-1.46539142055207,FALSE
TCGA-BQ-5884-01,KIRP,TCGA,11.035,6.966,24.562063376655,0,16.11,9.09090909090909,0.990482680699936,FALSE
TCGA-BQ-5886-01,KIRP,TCGA,10.86,9.31725,30.8613630302284,0,18.09,12.1212121212121,0.511621435330462,FALSE
TCGA-WN-A9G9-01,KIRP,TCGA,10.695,6.8535,25.6809714144522,0,17.32,15.1515151515152,0.0601236896963907,FALSE
TCGA-HE-A5NH-01,KIRP,TCGA,10.23,9.22125,28.0438470920746,0,16.31,19.6969696969697,-1.21227904799963,FALSE
TCGA-G7-7502-01,KIRP,TCGA,10.885,8.02175,25.2889811312354,0,16.54,13.6363636363636,0.580030184668959,FALSE
TCGA-A4-8310-01,KIRP,TCGA,11.11,6.8425,25.5537555337622,0,17.52,7.57575757575758,1.19570892871542,FALSE
TCGA-2Z-A9JQ-01,KIRP,TCGA,10.18,8.92925,28.9740947657343,0,16.74,21.2121212121212,-1.34909654667663,FALSE
TCGA-BQ-5887-01,KIRP,TCGA,10.48,8.35925,27.9770855172494,0,17.94,15.1515151515152,-0.528191554614675,FALSE
TCGA-Y8-A8RY-01,KIRP,TCGA,10.43,7.176,24.1655488895105,0,16.98,10.6060606060606,-0.665009053291669,FALSE
TCGA-G7-A4TM-01,KIRP,TCGA,10.515,7.19625,23.4993593606061,0,17,12.1212121212121,-0.43241930554078,FALSE
TCGA-HE-A5NL-01,KIRP,TCGA,10.625,7.5575,25.4120291459207,0,16.69,15.1515151515152,-0.131420808451399,FALSE
TCGA-G7-6797-01,KIRP,TCGA,10.67,7.834,25.0370338769231,0,16.6,10.6060606060606,-0.00828505964210634,FALSE
TCGA-EV-5903-01,KIRP,TCGA,10.42,6.9755,24.5694823944802,0,16.4,7.57575757575758,-0.692372553027067,FALSE
TCGA-DW-7838-01,KIRP,TCGA,10.785,7.57925,27.7139070465385,0,17.01,9.09090909090909,0.306395187314976,FALSE
TCGA-2Z-A9JN-01,KIRP,TCGA,10.715,7.952,25.9566676668648,0,16.68,7.57575757575758,0.114850689167186,FALSE
TCGA-A4-8311-01,KIRP,TCGA,10.435,7.7405,25.8101963682984,0,16.68,12.1212121212121,-0.651327303423967,FALSE
TCGA-A4-8515-01,KIRP,TCGA,10.61,8.25025,27.6602144578089,0,16.6,12.1212121212121,-0.172466058054498,FALSE
TCGA-A4-8312-01,KIRP,TCGA,10.695,7.5185,24.0993408687739,0,16.42,7.57575757575758,0.0601236896963907,FALSE
TCGA-G7-A8LC-01,KIRP,TCGA,10.42,9.47125,29.0409175239627,0,17.65,13.6363636363636,-0.692372553027067,FALSE
TCGA-2Z-A9JT-01,KIRP,TCGA,10.535,6.87175,27.5530713475525,0,17.89,16.6666666666667,-0.377692306069984,FALSE
TCGA-IZ-8195-01,KIRP,TCGA,10.7,8.1345,27.1789222913497,0,17.35,7.57575757575758,0.0738054395640871,FALSE
TCGA-5P-A9K0-01,KIRP,TCGA,11.285,8.913,29.2396481459417,0,17.57,10.6060606060606,1.6745701740849,FALSE
TCGA-B9-7268-01,KIRP,TCGA,10.87,8.429,28.8415322080769,0,17.47,15.1515151515152,0.538984935065865,FALSE
TCGA-B9-5155-01,KIRP,TCGA,10.305,9.5395,26.5163426382028,0,16.41,7.57575757575758,-1.00705279998415,FALSE
TCGA-B1-A47M-01,KIRP,TCGA,10.3,7.53525,25.3002339151515,0,17.21,10.6060606060606,-1.02073454985185,FALSE
TCGA-UZ-A9PZ-01,KIRP,TCGA,10.48,7.088,24.2242800979021,0,16.65,9.09090909090909,-0.528191554614675,FALSE
TCGA-A4-7584-01,KIRP,TCGA,10.56,7.869,24.7374001896061,0,16.67,6.06060606060606,-0.309283556731487,FALSE
TCGA-IZ-8196-01,KIRP,TCGA,10.068,8.18525,25.2716640549021,0,15.86,9.09090909090909,-1.65556774371309,FALSE
TCGA-B1-A657-01,KIRP,TCGA,10.745,9.16975,26.385600308683,0,16.5,10.6060606060606,0.196941188373385,FALSE
TCGA-B9-4116-01,KIRP,TCGA,10.325,8.468,25.668980317634,0,16.87,10.6060606060606,-0.952325800513353,FALSE
TCGA-B1-A656-01,KIRP,TCGA,10.835,5.35475,25.2763864941725,0,17.85,10.6060606060606,0.44321268599197,FALSE
TCGA-B1-A654-01,KIRP,TCGA,10.185,7.3325,25.3943732270396,0,17.19,13.6363636363636,-1.33541479680893,FALSE
TCGA-MH-A562-01,KIRP,TCGA,10.0625,7.13425,24.3856635552448,0,17.67,13.6363636363636,-1.67061766856756,FALSE
TCGA-BQ-7056-01,KIRP,TCGA,10.79,7.26475,26.3648691889627,0,17.75,10.6060606060606,0.320076937182672,FALSE
TCGA-IA-A40X-01,KIRP,TCGA,10.695,7.00625,26.2353870560956,0,17.12,12.1212121212121,0.0601236896963907,FALSE
TCGA-PJ-A5Z8-01,KIRP,TCGA,10.645,6.66225,22.8834211193753,0,16.26,9.09090909090909,-0.0766938089806033,FALSE
TCGA-A4-8517-01,KIRP,TCGA,11.085,7.1885,28.1358053605431,0,16.89,12.1212121212121,1.12730017937693,FALSE
TCGA-BQ-5876-01,KIRP,TCGA,10.206,6.7575,27.6580375411935,0,16.96,13.6363636363636,-1.27795144736459,FALSE
TCGA-B9-A5W7-01,KIRP,TCGA,10.815,8.7355,29.5254537240676,0,17.48,13.6363636363636,0.388485686521169,FALSE
TCGA-A4-7732-01,KIRP,TCGA,10.73,8.787,26.2113232752098,0,17.24,13.6363636363636,0.155895938770286,FALSE
TCGA-EV-5902-01,KIRP,TCGA,10.555,7.53925,28.9504086584522,0,17.61,9.09090909090909,-0.322965306599189,FALSE
TCGA-SX-A7SN-01,KIRP,TCGA,10.905,7.73075,27.1126176671329,0,17.11,12.1212121212121,0.63475718413976,FALSE
TCGA-Y8-A894-01,KIRP,TCGA,10.043,9.3035,26.5722304094662,0,16.11,7.57575757575758,-1.72397649305159,FALSE
TCGA-Y8-A896-01,KIRP,TCGA,10.515,8.92175,28.4815673503497,0,17.39,12.1212121212121,-0.43241930554078,FALSE
TCGA-KV-A6GD-01,KIRP,TCGA,11.08,5.66675,23.8483933933263,0,16.94,7.57575757575758,1.11361842950922,FALSE
TCGA-A4-7286-01,KIRP,TCGA,10.785,6.74525,27.4355419784266,0,17.55,15.1515151515152,0.306395187314976,FALSE
TCGA-Y8-A897-01,KIRP,TCGA,10.71,6.76925,25.9765005434033,0,16.99,7.57575757575758,0.10116893929949,FALSE
TCGA-UN-AAZ9-01,KIRP,TCGA,10.635,10.93125,32.320634294697,0,16.7,16.6666666666667,-0.104057308716001,FALSE
TCGA-G7-A8LB-01,KIRP,TCGA,10.05,7.00625,26.1183297693893,0,17.42,15.1515151515152,-1.70482204323681,FALSE
TCGA-GL-A59T-01,KIRP,TCGA,10.985,6.68,26.4393101359277,0,17.77,10.6060606060606,0.853665182022942,FALSE
TCGA-PJ-A5Z9-01,KIRP,TCGA,10.635,7.159,26.0776660664336,0,17.14,15.1515151515152,-0.104057308716001,FALSE
TCGA-MH-A854-01,KIRP,TCGA,10.56,7.14575,25.3694389864802,0,18.85,6.06060606060606,-0.309283556731492,FALSE
TCGA-B9-A8YH-01,KIRP,TCGA,10.89,6.58425,23.6112141634802,0,16.98,7.57575757575758,0.59371193453666,FALSE
TCGA-B9-A5W8-01,KIRP,TCGA,10.835,7.205,25.0143605530816,0,16.57,9.09090909090909,0.44321268599197,FALSE
TCGA-A4-A4ZT-01,KIRP,TCGA,10.56,7.95075,26.7134324863054,0,16.68,13.6363636363636,-0.309283556731487,FALSE
TCGA-IA-A40U-01,KIRP,TCGA,10.76,7.43625,27.1336214800676,0,18.04,7.57575757575758,0.237986437976479,FALSE
TCGA-B1-A655-01,KIRP,TCGA,10.7,7.7765,27.1676415399371,0,16.88,7.57575757575758,0.0738054395640871,FALSE
TCGA-IZ-A6M8-01,KIRP,TCGA,10.985,8.00725,28.5428759473776,0,17.58,13.6363636363636,0.853665182022942,FALSE
TCGA-GL-A9DE-01,KIRP,TCGA,11.445,7.96925,26.837715830042,0,16.61,7.57575757575758,2.11238616985127,FALSE
TCGA-A4-A5DU-01,KIRP,TCGA,10.295,7.4375,24.2255081845874,0,16.72,10.6060606060606,-1.03441629971955,FALSE
TCGA-Y8-A895-01,KIRP,TCGA,10.425,7.606,22.88115427669,0,16.51,4.54545454545455,-0.678690803159365,FALSE
TCGA-A4-A5XZ-01,KIRP,TCGA,11.145,7.3295,27.2428415270956,0,17.24,10.6060606060606,1.29148117778932,FALSE
TCGA-Y8-A898-01,KIRP,TCGA,10.665,7.83775,27.0395101118881,0,17.1,13.6363636363636,-0.0219668095098077,FALSE
TCGA-O9-A75Z-01,KIRP,TCGA,10.285,7.8685,24.4996736555361,0,16.19,12.1212121212121,-1.06177979945494,FALSE
TCGA-B9-A69E-01,KIRP,TCGA,10.885,7.54575,27.2266274993007,0,16.79,16.6666666666667,0.580030184668959,FALSE
TCGA-DW-7841-01,KIRP,TCGA,10.85,7.35325,25.6202062327483,0,17.74,7.57575757575758,0.484257935595069,FALSE
TCGA-A4-8630-01,KIRP,TCGA,10.64,8.32875,27.1861050435431,0,16.78,12.1212121212121,-0.0903755588482998,FALSE
TCGA-Q2-A5QZ-01,KIRP,TCGA,10.61,7.078,26.2429136973893,0,18.14,13.6363636363636,-0.172466058054498,FALSE
TCGA-DW-7839-01,KIRP,TCGA,10.09,9.16825,26.160927369697,0,15.9,12.1212121212121,-1.59536804429521,FALSE
TCGA-DW-5561-01,KIRP,TCGA,10.845,6.2055,22.991625477634,0,17,9.09090909090909,0.470576185727363,FALSE
TCGA-Y8-A8S1-01,KIRP,TCGA,10.93,8.06125,26.1784177202797,0,17.22,9.09090909090909,0.703165933478252,FALSE
TCGA-BQ-5888-01,KIRP,TCGA,10.57,7.4435,27.0960953221445,0,17.59,10.6060606060606,-0.28192005699609,FALSE
TCGA-F9-A7Q0-01,KIRP,TCGA,10.445,10.53225,31.9342483375291,0,17.05,19.6969696969697,-0.62396380368857,FALSE
TCGA-5P-A9KA-01,KIRP,TCGA,10.55,7.2435,26.0683277167832,0,16.9,13.6363636363636,-0.336647056466885,FALSE
TCGA-GL-7773-01,KIRP,TCGA,10.44,9.56525,29.7343628317599,0,17.28,13.6363636363636,-0.637645553556266,FALSE
TCGA-GL-A9DC-01,KIRP,TCGA,10.55,8.47,29.1943974729417,0,18.04,12.1212121212121,-0.336647056466885,FALSE
TCGA-4A-A93X-01,KIRP,TCGA,11.065,9.39825,30.4575519530816,0,18.59,12.1212121212121,1.07257317990613,FALSE
TCGA-J7-6720-01,KIRP,TCGA,10.27,5.923,25.7293258563823,0,16.85,13.6363636363636,-1.10282504905804,FALSE
TCGA-A4-A6HP-01,KIRP,TCGA,10.625,7.45475,26.7450492636573,0,17.82,12.1212121212121,-0.131420808451399,FALSE
TCGA-B3-8121-01,KIRP,TCGA,10.675,7.2585,26.6608764642704,0,16.72,12.1212121212121,0.00539669022559501,FALSE
TCGA-A4-A48D-01,KIRP,TCGA,11.315,8.622,30.070796054697,0,17.31,13.6363636363636,1.75666067329109,FALSE
TCGA-GL-A59R-01,KIRP,TCGA,10.27,7.67475,27.4118162196084,0,17.13,13.6363636363636,-1.10282504905804,FALSE
TCGA-5P-A9KC-01,KIRP,TCGA,11.42,6.15325,25.6004377781469,0,17.53,9.09090909090909,2.04397742051277,FALSE
TCGA-IZ-A6M9-01,KIRP,TCGA,10.41,8.52625,26.9067372911515,0,17.01,10.6060606060606,-0.719736052762464,FALSE
TCGA-B9-A8YI-01,KIRP,TCGA,11.63,7.0165,26.1835115238881,0,17.49,9.09090909090909,2.61861091495614,FALSE
TCGA-5P-A9JU-01,KIRP,TCGA,10.96,7.573,28.7468749948718,0,18.15,10.6060606060606,0.78525643268445,FALSE
TCGA-MH-A855-01,KIRP,TCGA,11.05,7.9855,27.6362452300699,0,17.03,12.1212121212121,1.03152793030304,FALSE
TCGA-BQ-5892-01,KIRP,TCGA,11.575,7.554,29.2852912292984,0,17.79,6.06060606060606,2.46811166641145,FALSE
TCGA-B9-A44B-01,KIRP,TCGA,10.935,7.3905,26.3999046843823,0,17.68,10.6060606060606,0.716847683345953,FALSE
TCGA-HE-A5NI-01,KIRP,TCGA,10.55,7.73275,26.1712252298368,0,17.32,16.6666666666667,-0.336647056466885,FALSE
TCGA-4A-A93Y-01,KIRP,TCGA,11.09,6.749,23.9141580682984,0,16.62,10.6060606060606,1.14098192924463,FALSE
TCGA-KV-A74V-01,KIRP,TCGA,11.08,7.2665,27.5518256675641,0,17.05,12.1212121212121,1.11361842950923,FALSE
TCGA-GL-A9DD-01,KIRP,TCGA,11.07,6.77925,25.507655668683,0,17.3,9.09090909090909,1.08625492977383,FALSE
TCGA-B3-A6W5-01,KIRP,TCGA,10.98,7.8025,26.9818211326061,0,17.62,7.57575757575758,0.839983432155246,FALSE
TCGA-J7-A8I2-01,KIRP,TCGA,9.694,7.6205,23.6587196158508,0,17.55,12.1212121212121,-2.67896263381699,FALSE
TCGA-A4-A5Y0-01,KIRP,TCGA,11.175,9.38925,31.9305799871329,0,18.11,16.6666666666667,1.37357167699552,FALSE
TCGA-A4-7828-01,KIRP,TCGA,10.37,8.80475,28.6364728689977,0,17.25,13.6363636363636,-0.829190051704056,FALSE
TCGA-BQ-5890-01,KIRP,TCGA,10.52,7.53625,29.75429884662,0,17.77,13.6363636363636,-0.418737555673083,FALSE
TCGA-BQ-7059-01,KIRP,TCGA,10.925,6.84275,25.5754449117483,0,16.99,12.1212121212121,0.689484183610555,FALSE
TCGA-BQ-7061-01,KIRP,TCGA,11.29,6.18,26.8562746284033,0,17.42,10.6060606060606,1.68825192395259,FALSE
TCGA-2K-A9WE-01,KIRP,TCGA,11.315,6.86,25.421043712,0,17.48,9.09090909090909,1.75666067329109,FALSE
TCGA-BQ-7060-01,KIRP,TCGA,10.825,8.56125,28.6979358245315,0,16.55,12.1212121212121,0.415849186256567,FALSE
TCGA-Y8-A8RZ-01,KIRP,TCGA,10.67,6.93675,25.8968379295571,0,17.35,10.6060606060606,-0.00828505964210634,FALSE
TCGA-Y8-A8S0-01,KIRP,TCGA,10.385,7.69725,23.777238347711,0,16.07,7.57575757575758,-0.788144802100961,FALSE
TCGA-2Z-A9JR-01,KIRP,TCGA,10.73,6.8825,25.2233174700699,0,16.5,9.09090909090909,0.155895938770286,FALSE
TCGA-BQ-7062-01,KIRP,TCGA,10.93,7.22725,25.3439413076294,0,16.96,7.57575757575758,0.703165933478252,FALSE
TCGA-DW-7840-01,KIRP,TCGA,10.6,6.93975,26.0708901886643,0,17.28,12.1212121212121,-0.199829557789896,FALSE
TCGA-GL-7966-01,KIRP,TCGA,10.675,8.7135,27.4748157557692,0,16.92,12.1212121212121,0.00539669022559501,FALSE
TCGA-DW-7842-01,KIRP,TCGA,10.235,8.6465,26.7419160517413,0,16.01,10.6060606060606,-1.19859729813194,FALSE
TCGA-BQ-5894-01,KIRP,TCGA,10.545,9.31775,26.3192010413333,0,17.66,7.57575757575758,-0.350328806334586,FALSE
TCGA-F9-A7VF-01,KIRP,TCGA,10.67,7.92425,28.4684717923077,0,17.7,13.6363636363636,-0.00828505964210634,FALSE
TCGA-AT-A5NU-01,KIRP,TCGA,10.54,7.7875,24.7589151741935,0,16.71,6.06060606060606,-0.364010556202288,FALSE
TCGA-IA-A40Y-01,KIRP,TCGA,10.485,7.05025,24.6050147843823,0,17.72,9.09090909090909,-0.514509804746978,FALSE
TCGA-F9-A8NY-01,KIRP,TCGA,10.81,9.55375,31.7886168145012,0,17.55,13.6363636363636,0.374803936653473,FALSE
TCGA-B9-4617-01,KIRP,TCGA,10.645,8.78825,28.4524386876643,0,17.32,16.6666666666667,-0.0766938089806033,FALSE
TCGA-GL-A4EM-01,KIRP,TCGA,11.08,7.46175,27.7491743710956,0,18.07,9.09090909090909,1.11361842950923,FALSE
TCGA-BQ-5891-01,KIRP,TCGA,10.99,8.46825,28.5326922815105,0,18.01,9.09090909090909,0.867346931890643,FALSE
TCGA-A4-7734-01,KIRP,TCGA,10.135,7.67,22.4294402529417,0,15.78,7.57575757575758,-1.47223229548592,FALSE
TCGA-A4-8516-01,KIRP,TCGA,10.48,6.9865,25.5741310375012,0,17.24,9.09090909090909,-0.528191554614675,FALSE
TCGA-B9-4117-01,KIRP,TCGA,10.955,7.84425,24.4203645529138,0,15.86,9.09090909090909,0.771574682816749,FALSE
TCGA-F9-A97G-01,KIRP,TCGA,11.035,8.4545,27.4397297121329,0,17.55,9.09090909090909,0.990482680699936,FALSE
TCGA-A4-7915-01,KIRP,TCGA,10.79,8.50525,27.7704845787599,0,17.48,9.09090909090909,0.320076937182672,FALSE
TCGA-B9-A5W9-01,KIRP,TCGA,10.14,8.11375,25.6513225565524,0,17.53,7.57575757575758,-1.45855054561822,FALSE
TCGA-4A-A93W-01,KIRP,TCGA,10.415,7.461,25.7693660814103,0,16.68,15.1515151515152,-0.706054302894768,FALSE
TCGA-A4-7583-01,KIRP,TCGA,10.305,8.764,27.1554432356643,0,16.61,12.1212121212121,-1.00705279998415,FALSE
TCGA-A4-A772-01,KIRP,TCGA,11,6.768,26.5715862782284,0,17.29,10.6060606060606,0.894710431626041,FALSE
TCGA-A4-A7UZ-01,KIRP,TCGA,10.705,8.4505,27.270012281697,0,17.12,13.6363636363636,0.0874871894317885,FALSE
TCGA-HE-7128-01,KIRP,TCGA,10.93,7.452,26.5081612981166,0,16.9,13.6363636363636,0.703165933478252,FALSE
GTEX-ZYFD-1526-SM-5NQ7T,Normal_GTEx,GTEX,9.664,6.42625,18.779423934965,0,15.05,7.57575757575758,-0.305421686538731,FALSE
GTEX-ZC5H-1726-SM-5HL7X,Normal_GTEx,GTEX,10.865,5.34725,20.8934438172494,0,16.47,6.06060606060606,0.271115430692988,FALSE
GTEX-T5JC-1526-SM-4DM68,Normal_GTEx,GTEX,10.545,7.148,19.7553112923077,0,18.38,3.03030303030303,0.117500212113346,FALSE
GTEX-13112-2126-SM-5GCO4,Normal_GTEx,GTEX,10.135,5.81975,17.8906275039627,0,15.07,6.06060606060606,-0.0793192866918205,FALSE
GTEX-ZYT6-2226-SM-5GIC9,Normal_GTEx,GTEX,10.415,6.5385,20.1026208811189,0,15.83,6.06060606060606,0.0550940295653658,FALSE
GTEX-Y5V6-2026-SM-5IFHO,Normal_GTEx,GTEX,11.195,5.9225,23.0557784552448,0,17.28,7.57575757575758,0.429531124853243,FALSE
GTEX-WI4N-2026-SM-4OOS7,Normal_GTEx,GTEX,10.53,6.4725,24.8548647067599,0,18.18,13.6363636363636,0.110299498742425,FALSE
GTEX-ZDXO-0226-SM-4WKH7,Normal_GTEx,GTEX,10.785,5.5545,17.8980840850816,0,16.37,4.54545454545455,0.232711626048077,FALSE
GTEX-11OF3-1326-SM-5N9FJ,Normal_GTEx,GTEX,11.115,6.94225,22.0766581503497,0,18.67,7.57575757575758,0.391127320208333,FALSE
GTEX-ZYFG-1626-SM-5GZYY,Normal_GTEx,GTEX,11.14,5.6255,20.752168255711,0,16.22,6.06060606060606,0.403128509159868,FALSE
GTEX-N7MS-1626-SM-3LK5F,Normal_GTEx,GTEX,11.26,7.3565,24.676314725641,0,19.36,9.09090909090909,0.460734216127233,FALSE
GTEX-XPVG-0526-SM-4B65N,Normal_GTEx,GTEX,11.275,6.2,18.2041305941725,0,16.33,1.51515151515152,0.467934929498154,FALSE
GTEX-13NYB-1726-SM-5N9G2,Normal_GTEx,GTEX,11.545,7.9995,24.9151350153846,0,20.1,4.54545454545455,0.597547770174726,FALSE
GTEX-11PRG-2226-SM-5GU5R,Normal_GTEx,GTEX,9.9955,7.71525,20.795446555711,0,15.71,9.09090909090909,-0.146285921041383,FALSE
GTEX-12WSG-0826-SM-5EQ5A,Normal_GTEx,GTEX,11.035,5.92875,21.0185284895105,0,16.72,6.06060606060606,0.352723515563422,FALSE
GTEX-13OW6-1826-SM-5N9F9,Normal_GTEx,GTEX,10.74,7.0115,21.8879837298368,0,18.26,9.09090909090909,0.211109485935315,FALSE
GTEX-13RTJ-2226-SM-5S2Q1,Normal_GTEx,GTEX,10.415,5.31775,20.6416645270396,0,16.07,7.57575757575758,0.0550940295653658,FALSE
GTEX-12696-0926-SM-5FQTV,Normal_GTEx,GTEX,9.821,6.30975,19.1763799356643,0,16.22,4.54545454545455,-0.230054219923094,FALSE
GTEX-145MN-0326-SM-5QGQI,Normal_GTEx,GTEX,11.135,6.1785,22.557695648718,0,16.08,9.09090909090909,0.40072827136956,FALSE
GTEX-1399S-0526-SM-5IJG8,Normal_GTEx,GTEX,10.64,5.72325,19.2262822539487,0,15.55,4.54545454545455,0.163104730129177,FALSE
GTEX-QLQW-1626-SM-4R1K1,Normal_GTEx,GTEX,10.95,6.44425,20.1884766706294,0,16.87,3.03030303030303,0.311919473128205,FALSE
GTEX-ZLFU-0926-SM-5P9F8,Normal_GTEx,GTEX,10.905,5.4845,18.8829358225361,0,15.81,1.51515151515152,0.290317333015443,FALSE
GTEX-1497J-0826-SM-5NQAJ,Normal_GTEx,GTEX,11.395,7.6595,23.6512276615385,0,16.86,9.09090909090909,0.525540636465519,FALSE
GTEX-147F4-2626-SM-5Q5CS,Normal_GTEx,GTEX,10.475,5.298,19.2279586172494,0,15.55,6.06060606060606,0.0838968830490497,FALSE
GTEX-NPJ8-2226-SM-3TW8D,Normal_GTEx,GTEX,10.265,5.75775,20.6235055244755,0,16.83,7.57575757575758,-0.0169131041438407,FALSE
GTEX-ZE9C-1426-SM-4WKGM,Normal_GTEx,GTEX,9.651,6.39325,18.6679916459207,0,14.83,6.06060606060606,-0.311662304793529,FALSE
GTEX-13O1R-2526-SM-5N9FW,Normal_GTEx,GTEX,10.515,6.488,20.1347290090909,0,16.81,3.03030303030303,0.103098785371505,FALSE
GTEX-T6MN-1826-SM-5CHQB,Normal_GTEx,GTEX,0,0,2.60568362354312,0,10.84,96.969696969697,-4.94460128764392,TRUE
